-- MySQL Script generated by MySQL Workbench
-- Fri May 12 15:50:07 2017
-- Model: New Model    Version: 1.0
-- MySQL Workbench Forward Engineering

SET @OLD_UNIQUE_CHECKS=@@UNIQUE_CHECKS, UNIQUE_CHECKS=0;
SET @OLD_FOREIGN_KEY_CHECKS=@@FOREIGN_KEY_CHECKS, FOREIGN_KEY_CHECKS=0;
SET @OLD_SQL_MODE=@@SQL_MODE, SQL_MODE='TRADITIONAL,ALLOW_INVALID_DATES';

-- -----------------------------------------------------
-- Schema ocni
-- -----------------------------------------------------
USE `ocni` ;

-- -----------------------------------------------------
-- Table `ocni`.`administrador`
-- -----------------------------------------------------
CREATE TABLE IF NOT EXISTS `ocni`.`administrador` (
  `id` INT NOT NULL,
  `nomb` VARCHAR(45) NOT NULL,
  `apellido` VARCHAR(45) NOT NULL,
  `password` VARCHAR(45) NOT NULL,
  PRIMARY KEY (`id`))
ENGINE = InnoDB;


-- -----------------------------------------------------
-- Table `ocni`.`tipo_resol`
-- -----------------------------------------------------
CREATE TABLE IF NOT EXISTS `ocni`.`tipo_resol` (
  `id` INT NOT NULL AUTO_INCREMENT,
  `nombr_tipo_resol` VARCHAR(45) NOT NULL,
  PRIMARY KEY (`id`))
ENGINE = InnoDB;

CREATE UNIQUE INDEX `id_resol_UNIQUE` ON `ocni`.`tipo_resol` (`id` ASC);


-- -----------------------------------------------------
-- Table `ocni`.`tipo_conv1`
-- -----------------------------------------------------
CREATE TABLE IF NOT EXISTS `ocni`.`tipo_conv1` (
  `id` INT NOT NULL AUTO_INCREMENT,
  `nomb_tipo_conv1` VARCHAR(45) NOT NULL,
  PRIMARY KEY (`id`))
ENGINE = InnoDB;

CREATE UNIQUE INDEX `convenio_id_tipo_conv1_UNIQUE` ON `ocni`.`tipo_conv1` (`id` ASC);


-- -----------------------------------------------------
-- Table `ocni`.`convenio`
-- -----------------------------------------------------
CREATE TABLE IF NOT EXISTS `ocni`.`convenio` (
  `id` INT NOT NULL AUTO_INCREMENT,
  `tipo_resol` INT NOT NULL,
  `nro_resol` VARCHAR(45) NOT NULL,
  `fecha_resol` DATE NOT NULL,
  `tipo_conv` INT NOT NULL,
  `programa` VARCHAR(45)  NULL,
  `inst_conv` VARCHAR(150) NOT NULL,
  `finalidad` VARCHAR(1000) NOT NULL,
  `vigencia_in` DATE NOT NULL,
  `vigencia_fn` DATE NULL,
  `url` VARCHAR(45)  NULL,
  PRIMARY KEY (`id`),
  CONSTRAINT `fk_convenio_has_tipo_resol_convenio`
    FOREIGN KEY (`tipo_resol`)
    REFERENCES `ocni`.`tipo_resol` (`id`)
    ON DELETE NO ACTION
    ON UPDATE NO ACTION,
  CONSTRAINT `fk_convenio_has_tipo_conv1_convenio`
    FOREIGN KEY (`tipo_conv`)
    REFERENCES `ocni`.`tipo_conv1` (`id`)
    ON DELETE NO ACTION
    ON UPDATE NO ACTION)
ENGINE = InnoDB;

CREATE INDEX `fk_convenio_has_tipo_resol_convenio_idx` ON `ocni`.`convenio` (`tipo_resol` ASC);

CREATE INDEX `fk_convenio_has_tipo_conv1_convenio_idx` ON `ocni`.`convenio` (`tipo_conv` ASC);

CREATE UNIQUE INDEX `id_conv_UNIQUE` ON `ocni`.`convenio` (`id` ASC);


SET SQL_MODE=@OLD_SQL_MODE;
SET FOREIGN_KEY_CHECKS=@OLD_FOREIGN_KEY_CHECKS;
SET UNIQUE_CHECKS=@OLD_UNIQUE_CHECKS;

-- -----------------------------------------------------
-- Data for table `ocni`.`tipo_resol`
-- -----------------------------------------------------
START TRANSACTION;
USE `ocni`;
INSERT INTO `ocni`.`tipo_resol` (`id`, `nombr_tipo_resol`) VALUES (1, 'Resolucion Rectoral');
INSERT INTO `ocni`.`tipo_resol` (`id`, `nombr_tipo_resol`) VALUES (2, 'Resolucion de Consejo Universitario');

COMMIT;


-- -----------------------------------------------------
-- Data for table `ocni`.`tipo_conv1`
-- -----------------------------------------------------
START TRANSACTION;
USE `ocni`;
INSERT INTO `ocni`.`tipo_conv1` (`id`, `nomb_tipo_conv1`) VALUES (1, 'Nacional');
INSERT INTO `ocni`.`tipo_conv1` (`id`, `nomb_tipo_conv1`) VALUES (2, 'Internacional');
INSERT INTO `ocni`.`tipo_conv1` (`id`, `nomb_tipo_conv1`) VALUES (3, 'Investigacion');
INSERT INTO `ocni`.`tipo_conv1` (`id`, `nomb_tipo_conv1`) VALUES (4, 'Practicas');

COMMIT;


-- -----------------------------------------------------
-- Data for table `ocni`.`convenio`
-- -----------------------------------------------------
START TRANSACTION;
USE `ocni`;
INSERT INTO `ocni`.`convenio` (`id`, `tipo_resol`, `nro_resol`, `fecha_resol`, `tipo_conv`, `programa`, `inst_conv`, `finalidad`, `vigencia_in`, `vigencia_fn`, `url`) VALUES (1, 1, '13217-2001-UNJBG', '2001-02-16', 1, DEFAULT, 'UNIVERSIDAD NACIONAL DEL ALTIPLANO DE PUNO', 'Colaboración entre carreras profesionales de Ingeniería de Minas de ambas instituciones en el campo de la docencia, la investigación y difusión de la cultura, asimismo establecer entre ellas una estricta cooperación e intercambio para la mejor realización de sus fines.', '2000-11-30', NULL, DEFAULT);
INSERT INTO `ocni`.`convenio` (`id`, `tipo_resol`, `nro_resol`, `fecha_resol`, `tipo_conv`, `programa`, `inst_conv`, `finalidad`, `vigencia_in`, `vigencia_fn`, `url`) VALUES (2, 1, '250-2005-UNJBG', '2005-03-10', 1, DEFAULT, 'CONVENIO DE COOPERACION CON LA ESCUELA NACIONAL DE MARINA MERCANTE  ', 'Establecer en el marco general para desarrollar mecanismos e instrumentos de mutua colaboración y beneficio con el propósito de llevar a cabo programas.', '2005-03-10', NULL, DEFAULT);
INSERT INTO `ocni`.`convenio` (`id`, `tipo_resol`, `nro_resol`, `fecha_resol`, `tipo_conv`, `programa`, `inst_conv`, `finalidad`, `vigencia_in`, `vigencia_fn`, `url`) VALUES (3, 1, '690-2005-UNJBG ', '2005-07-01', 1, DEFAULT, 'SERVICIO NACIONAL DE METEOROLOGÍA E HIDROLOGÍA-SENAMHI TACNA.', 'Determinar y generar los parámetros agro-meteorológicos y su influencia en los diversos cultivos principalmente de lo agro exportación en la región sur.', '2005-07-01', NULL, DEFAULT);
INSERT INTO `ocni`.`convenio` (`id`, `tipo_resol`, `nro_resol`, `fecha_resol`, `tipo_conv`, `programa`, `inst_conv`, `finalidad`, `vigencia_in`, `vigencia_fn`, `url`) VALUES (4, 1, '9808-98-UNJBG', '1998-01-16', 2, DEFAULT, 'CONVENIO MARCO DE COOPERACIÓN Y COLABORACIÓN CULTURAL CON LA SECRETARIA REGIONAL DE EDUCACIÓN DE TARAPACÁ Y UNIVERSIDAD DE TARAPACÁ ARICA/CHILE.', 'Realización de acciones en conjunto con el objeto de desarrollar y difundir la actividad teatral tanto en el región de Tarapacá en Chile, como en la ciudad de Tacna en el Perú, en prosecución de contribuir al acervo artístico y cultural de los pueblos, por medio del quehacer teatral con acciones de formación y extensión en corto plazo.', '1997-01-08', NULL, DEFAULT);
INSERT INTO `ocni`.`convenio` (`id`, `tipo_resol`, `nro_resol`, `fecha_resol`, `tipo_conv`, `programa`, `inst_conv`, `finalidad`, `vigencia_in`, `vigencia_fn`, `url`) VALUES (5, 1, '13367-2001-UNJBG', '2001-04-10', 2, DEFAULT, 'CONVENIO DE COOPERAC. ACADEMICO-CULTURAL E  INSTITUCIONAL  CON LA UNIVERSIDAD DE GUADALAJARA MEXICO', 'Desarrollo de Investigación, Organización con la colaboración de actividades  académicas y científicas, Intercambio del Personal docente y de investigación, Intercambio de estudiantes, Intercambio de publicaciones y otros materiales de interés común.', '2001-03-28', NULL, DEFAULT);
INSERT INTO `ocni`.`convenio` (`id`, `tipo_resol`, `nro_resol`, `fecha_resol`, `tipo_conv`, `programa`, `inst_conv`, `finalidad`, `vigencia_in`, `vigencia_fn`, `url`) VALUES (6, 1, '14540-2002- UNJBG', '2002-04-29', 2, DEFAULT, 'CONVENIO DE COOPERACIÓN CON E LA UNIVERSIDAD DE GOTINGEN DE ALEMANIA', 'Desarrollo de cursos, talleres, seminarios, trabajos de investigaciones, intercambio de profesionales, estudiantes y programas de postgrado, admisión de estudiantes de maestrías y doctorado.', '2002-02-22', NULL, DEFAULT);
INSERT INTO `ocni`.`convenio` (`id`, `tipo_resol`, `nro_resol`, `fecha_resol`, `tipo_conv`, `programa`, `inst_conv`, `finalidad`, `vigencia_in`, `vigencia_fn`, `url`) VALUES (7, 1, '1743-2006-UNJBG', '2006--04-03', 3, 'ESAG, ESEA, EMVZ, ESIA, ESIP, ESAM', 'CONVENIO COOPERACION INSTITUTO NACIONAL DE INVESTIGACIÓN Y EXTENSIÓN AGRARIA  INIEA', 'Establecer las condiciones de cooperación entre la ESTACIÒN EXPERIMENTAL Y LA UNJBG para contribuir  a la tecnificación de la producción agrícola y pecuaria como objetivo prioritario. Establecer estrategias y mecanismos de coordinación y ejecución.', '2006-03-09', NULL, DEFAULT);
INSERT INTO `ocni`.`convenio` (`id`, `tipo_resol`, `nro_resol`, `fecha_resol`, `tipo_conv`, `programa`, `inst_conv`, `finalidad`, `vigencia_in`, `vigencia_fn`, `url`) VALUES (8, 2, '10004-13-UNJBG ', '2013-03-06', 3, 'ESIP', 'CONVENIO MARCO DE COOPERACION INTERINSTITUCIONAL CON EL INSTITUTO DEL MAR DEL PERU - IMARPE', 'Desarrollar en forma conjunta actividades de investigación científica y tecnológica en área de interés común, así como llevar a cabo acciones de capacitación y difusión en beneficio de ambas instituciones y de la comunidad científica en general.', '2013-02-09', '2017-02-09', DEFAULT);
INSERT INTO `ocni`.`convenio` (`id`, `tipo_resol`, `nro_resol`, `fecha_resol`, `tipo_conv`, `programa`, `inst_conv`, `finalidad`, `vigencia_in`, `vigencia_fn`, `url`) VALUES (9, 1, '3158-14-UNJBG', '2014-03-21', 3, 'FACS - ESOB', 'CONVENIO MARCO DE COOPERACION DOCENTE ASISTENCIAL CON LA GERENCIA REGIONAL DE SALUD DEL GOBIERNO REGIONAL DE AREQUIPA', 'Crear el marco de cooperación entre las partes, para la adecuada formación y capacitación de profesionales, orientada a la atención de los problemas prioritarios de salud de la población, acorde con las políticas y planes de desarrollo del sector salud; así como regular el desarrollo de las acciones de docencia en servicio e investigación, que se realizan en internado en Obstetricia, en los servicios de salud de la gerencia regional de salud.', '2014-04-11', '2018-04-11', DEFAULT);
INSERT INTO `ocni`.`convenio` (`id`, `tipo_resol`, `nro_resol`, `fecha_resol`, `tipo_conv`, `programa`, `inst_conv`, `finalidad`, `vigencia_in`, `vigencia_fn`, `url`) VALUES (10, 1, '3704-14-UNJBG ', '2014-09-12', 4, 'FACS ', 'CONVENIO PARA COOPERACION DOCENTE ASISTENCIAL HOSPITAL SANTA ROSA DE PUERTO MALDONADO', 'Desarrollo de acciones de docencia, servicio e investigación el Pregrado y Postgrado, a fin de articular las estrategias de atención de salud con los programas de docencia, investigación y proyección social, logrando de esta manera que, sobre un cabal conocimiento de la realidad de salud del país, se lleve a cabo una adecuada programación de acciones conjuntas para que la formación de profesionales responda a las necesidades de la comunidad. ', '2014-08-15', '2017-08-15', DEFAULT);
INSERT INTO `ocni`.`convenio` (`id`, `tipo_resol`, `nro_resol`, `fecha_resol`, `tipo_conv`, `programa`, `inst_conv`, `finalidad`, `vigencia_in`, `vigencia_fn`, `url`) VALUES (11, 1, '3949-14-UNJBG', '2014-11-27', 4, 'ESIC, ESIM, ESAQ, ESGE', 'CONVENIO MARCO DE COOPERACION INTERINSTITUCIONAL EMPRESA MINERA EMILIO MIGUEL SOCIEDAD DE RESPONSABILIDAD LIMITADA', 'Facilitar la implementación de mecanismos e instrumentos de mutua colaboración y beneficio que sumen los esfuerzos y recursos disponibles de ambas instituciones para la promoción del desarrollo profesional, intercambio de conocimientos y experiencias que repercutirán en un incremento de nivel académico de estudiantado y profesionales mineros de la universidad y en la mejora de la industria minera en general.', '2014-11-21', '2018-11-21', DEFAULT);
INSERT INTO `ocni`.`convenio` (`id`, `tipo_resol`, `nro_resol`, `fecha_resol`, `tipo_conv`, `programa`, `inst_conv`, `finalidad`, `vigencia_in`, `vigencia_fn`, `url`) VALUES (12, 1, '4822-2015-UNJBG', '2015-08-19', 4, 'TODAS LAS CARRERAS DE LA UNJBG', 'CONVENIO MARCO DE COOPERACIÓN INTERINSTITUCIONAL ENTRE EL GOBIERNO REGIONAL TACNA', 'Coordinar esfuerzos encaminados a establecer relaciones de cooperación interinstitucional así como realizar acciones conjuntas en programas de formación profesional, capacitación, consultorías, asesoramiento, fortalecimiento, interinstitucional, diseño y ejecución de proyectos de gestión, inversión e investigación, monitoreo y evaluación de programas y proyectos, difusión y comunicación social entre otros, en beneficio de la comunidad', '2015-08-11', '2019-08-11', DEFAULT);

COMMIT;
